evaluations,spsa,cmaes
0,-0.5856773411674381,-0.5856773411674381
8,-0.7563368358857423,-0.7641729028856596
16,-0.8459296454549632,-0.937409369277797
24,-0.8662793211687767,-1.019736263154799
32,-0.897374457925569,-1.096390478579148
40,-0.9188755822515535,-1.0787112251151336
48,-0.9467417040214234,-1.1020418977753628
56,-0.9591199208324512,-1.09933315547082
64,-0.9684480792354065,-1.109804648551084
72,-0.9859985572162108,-1.1169604720520485
80,-0.99952405255462,-1.111829769392382
88,-1.0096859887602168,-1.1231373093639596
96,-1.0218969664377247,-1.123972882396831
104,-1.0289084655466363,-1.1235446935644107
112,-1.0338928808045278,-1.1305122664508613
120,-1.040131016900899,-1.133943925178666
128,-1.0544946026952247,-1.1322924518410868
136,-1.0625152913653535,-1.1341130085712756
144,-1.0678467778554608,-1.1349093216171664
152,-1.076532779743823,-1.1340386130277573
160,-1.0822038125162787,-1.133301266044101
168,-1.0870658349252278,-1.1335523339987141
176,-1.088374663737654,-1.1329499523751398
184,-1.0903827350813198,-1.1336795907192483
192,-1.0942169044118595,-1.133010725040832
200,-1.0986725118661496,-1.1339110218160582
208,-1.1007672486725502,-1.13545607300506
216,-1.1041931716392017,-1.1354508936472376
224,-1.1072069233435902,-1.1352324747203117
232,-1.1089703317189488,-1.1355699395821326
240,-1.1108381619494032,-1.1357445186170902
248,-1.1123728269294824,-1.135576606258154
256,-1.1131153460120768,-1.1351778764660163
264,-1.1139505303597075,-1.1357966658546226
272,-1.1156478500220723,-1.1351743706639792
280,-1.1159898793276128,-1.1355921850434756
288,-1.117077361240796,-1.13563472807479
296,-1.1184981037881034,-1.135245400233143
304,-1.1188068952812942,-1.1353916525830527
312,-1.1198503687239334,-1.134959250783406
320,-1.1207210970085266,-1.1357548192079043
328,-1.121509738402589,-1.1348334601199022
336,-1.1217235800551362,-1.1349210158721608
344,-1.1218312646209623,-1.134886283843881
352,-1.1223060751052822,-1.135434154736441
360,-1.1230124534677226,-1.1355377561499593
368,-1.123284297592749,-1.1352762465832282
376,-1.1235279354113463,-1.1347036168733509
384,-1.1236469247720446,-1.134521370688009
392,-1.1238674316308122,-1.1339248080782658
400,-1.1241493460494902,-1.1344134469530007
408,-1.1244250700567104,-1.1341428445109956
416,-1.124721856860683,-1.13450272547995
424,-1.1255337643883245,-1.1349324175152498
432,-1.1258684783574249,-1.1344802038375483
440,-1.1263600631496538,-1.134368306120533
448,-1.1265264952927971,-1.1346215178008878
456,-1.1266200990443629,-1.1343924355290724
464,-1.1270709765729359,-1.1342707532778857
472,-1.127258514435767,-1.133961323677278
480,-1.1277283647033032,-1.1336499967872462
488,-1.1280097757417116,-1.1335576991412453
496,-1.1283511047109838,-1.133091327682191
504,-1.1285981510372476,-1.133238402694714
512,-1.1288076367405337,-1.1333431914182992
520,-1.129019347104836,-1.1332296298467444
528,-1.1292516772533134,-1.13364821032056
536,-1.1294838194707437,-1.134328281750306
544,-1.1296043300124805,-1.1341843498958295
552,-1.1298043441823336,-1.1344597489718438
560,-1.1299220072039888,-1.1339917806126498
568,-1.130135265661829,-1.1343595944683302
576,-1.1301844894778896,-1.1343762009316134
584,-1.130236086936679,-1.134581861552844
592,-1.1303005266027957,-1.1345372447239122
600,-1.1304096121253677,-1.134928511754406
608,-1.1307003926592376,-1.1349100281270104
616,-1.1308427219493482,-1.1347397547475082
624,-1.1309893122263617,-1.1346524019782622
632,-1.1310898184955065,-1.1344074319752153
640,-1.1312044423870482,-1.13471148464853
648,-1.1312956442260171,-1.1346032889992266
656,-1.1314723485246347,-1.1350898275299521
664,-1.1315120120801336,-1.13524562693456
672,-1.131666770676103,-1.1354480315953779
680,-1.1317578915295647,-1.1349602030032018
688,-1.1317744974352606,-1.1351202647133494
696,-1.1317775758522657,-1.1351194846911763
704,-1.1318128440267956,-1.1350274892391063
712,-1.1319120829522649,-1.1352094983625216
720,-1.1319386396327125,-1.1348111987954272
728,-1.1320381361548684,-1.1343114841755955
736,-1.1320726918721284,-1.1348228168405963
744,-1.1321271400866204,-1.1343903310815064
752,-1.1321758594266738,-1.1343545405807443
760,-1.132184653710241,-1.1341807214792454
768,-1.1322553506926911,-1.1337858741478288
776,-1.1322718275720074,-1.1333685659760555
784,-1.1323320687222829,-1.1339916704859545
792,-1.1323445452012015,-1.1343395310732984
800,-1.1324248401839718,-1.1340392935880472
808,-1.1324343739708418,-1.1341849233327572
816,-1.132477118190896,-1.1344948445311478
824,-1.132522097165795,-1.134671767457985
832,-1.1325592001540392,-1.1349269589930342
840,-1.1326250403651978,-1.1350230625010573
848,-1.1326819098095586,-1.1351521221337493
856,-1.1327625117371478,-1.1351190931499613
864,-1.132812909437717,-1.135297998840329
872,-1.1328496839731688,-1.1352227961695813
880,-1.13287669266792,-1.13521900987462
888,-1.1328839246358826,-1.1353589108697153
896,-1.132928756840058,-1.1355654574061538
904,-1.132922648862225,-1.1355306465001846
912,-1.1329888223317166,-1.1352671616849483
920,-1.1330050265843201,-1.135170258608357
928,-1.132982612440914,-1.1351274608950488
936,-1.132988822454695,-1.1352429346945725
944,-1.1330328007766532,-1.1355506560855633
952,-1.1330330284948757,-1.135540035596152
960,-1.1330902307492212,-1.1353838035598638
968,-1.133073926665632,-1.1354636830000664
976,-1.133110959004466,-1.135522257652172
984,-1.1331406420089858,-1.135621897186332
992,-1.1331099591602103,-1.135586779009709
1000,-1.1331116275803002,-1.1357121781401334
1008,-1.133061953791835,-1.1356895625542045
1016,-1.1330811569342512,-1.1357103086475422
1024,-1.1330842959175151,-1.1356015301302973
1032,-1.1331464230712123,-1.135487032783064
1040,-1.1331828478253978,-1.1354379470707798
1048,-1.1331779427405344,-1.1356208306073514
1056,-1.1331824008877667,-1.1356114901540901
1064,-1.1332445314211672,-1.1355509375345556
1072,-1.1332921756259817,-1.1352662798339166
1080,-1.133371196457411,-1.1351827018310645
1088,-1.1334464281223997,-1.1351474901249425
1096,-1.1334695325690383,-1.135671770222857
1104,-1.13347511285489,-1.1357047468760073
1112,-1.1334936955493522,-1.135618488001561
1120,-1.1335302182928224,-1.1355577348468422
1128,-1.133532289186549,-1.135169510909596
1136,-1.1335596332475952,-1.1351675613516312
1144,-1.1335552565424307,-1.1352274395294895
1152,-1.1336013310242046,-1.1353454943919987
1160,-1.1336195664996116,-1.1355774688368547
1168,-1.1336254794026595,-1.1351814009311525
1176,-1.1336140123003389,-1.135305045947728
1184,-1.1336321462778394,-1.1354903895541113
1192,-1.1336772334004863,-1.1356462529174816
1200,-1.133702063912938,-1.1354661715264796
