iteration,depth1,depth2
0,-0.47570095479676977,-0.27813989176252285
1,-0.5348356992094969,-0.583337946133647
2,-0.5896393419071924,-0.8065584674066082
3,-0.6457924007538278,-0.9417374473891346
4,-0.7069702548193346,-1.0229029689552676
5,-0.7742245726854776,-1.0724536470950161
6,-0.845508905293482,-1.1018409349137213
7,-0.9159557989063954,-1.1184606969241926
8,-0.9794752479268707,-1.1274821210111279
9,-1.0312336325403813,-1.1322432414011774
10,-1.0694507501224726,-1.13471304996037
11,-1.0953542701945553,-1.1359817798818121
12,-1.1117808506165456,-1.1366302228934702
13,-1.1217317863522007,-1.13696093151661
14,-1.127606602262918,-1.1371295455012758
15,-1.1310499130973835,-1.137215591679882
16,-1.133088459238341,-1.1372595756147588
17,-1.1343272227663321,-1.1372821074791075
18,-1.1351103960930085,-1.1372936786177468
19,-1.1356300958335472,-1.1372996367430894
20,-1.1359928716508836,-1.137302713092265
21,-1.1362581389913529,-1.1373043058960062
22,-1.1364596252608123,-1.13730513283983
23,-1.1366170793839867,-1.1373055633143399
24,-1.136742583125719,-1.1373057879795
25,-1.1368439328700273,-1.1373059055212107
26,-1.1369264534110206,-1.1373059671611239
27,-1.1369939794264006,-1.1373059995568875
28,-1.137049396628462,-1.137306016618157
29,-1.137094949506138,-1.1373060256208363
30,-1.1371324242456906,-1.1373060303797793
31,-1.1371632636901536,-1.1373060328995999
32,-1.1371886441746097,-1.1373060342358685
33,-1.137209530021547,-1.1373060349454938
34,-1.1372267141864754,-1.1373060353228275
35,-1.1372408497517272,-1.1373060355237068
36,-1.1372524749809452,-1.1373060356307627
37,-1.1372620335918695,-1.1373060356878737
38,-1.137269891329451,-1.1373060357183666
39,-1.1372763495942249,-1.1373060357346623
40,-1.137281656684089,-1.1373060357433762
41,-1.1372860170808665,-1.1373060357480387
42,-1.137289599125415,-1.1373060357505358
43,-1.1372925413605381,-1.137306035751873
44,-1.1372949577711442,-1.13730603575259
45,-1.137296942111293,-1.137306035752974
46,-1.1372985714753558,-1.1373060357531806
47,-1.1372999092437808,-1.137306035753291
48,-1.1373010075117216,-1.1373060357533502
49,-1.1373019090903975,-1.1373060357533828
50,-1.1373026491555989,-1.1373060357534
51,-1.1373032566050396,-1.1373060357534088
52,-1.1373037551755547,-1.1373060357534146
53,-1.1373041643623487,-1.1373060357534168
54,-1.1373045001751358,-1.137306035753418
55,-1.1373047757599608,-1.1373060357534184
56,-1.137305001910426,-1.1373060357534186
57,-1.1373051874879159,-1.137306035753419
58,-1.1373053397669428,-1.1373060357534197
59,-1.1373054647189147,-1.13730603575342
60,-1.1373055672452577,-1.13730603575342
