iteration,mean,best,worst
0,-0.5856773411674381,-0.8712046763858138,-0.3769081732084748
1,-0.6143739056554522,-0.8994105768576752,-0.42485790747969204
2,-0.6547214653605982,-0.9529620558996688,-0.4252394255689592
3,-0.661488751581608,-0.9530144716407669,-0.4253614542594573
4,-0.6792796013157154,-0.9550289652767397,-0.4583273390127339
5,-0.6857147858293404,-0.9550295496413638,-0.4624560996469863
6,-0.697225961993184,-0.9561648254624268,-0.4664988726179333
7,-0.7485459938556734,-0.9714205811669018,-0.4726069422357679
8,-0.7809658412921705,-1.0314422334540911,-0.47620774242073927
9,-0.8046131918303849,-1.0421904876175196,-0.49220495907750594
10,-0.8198306571207074,-1.053500129254361,-0.5124532622750247
11,-0.8269302294281413,-1.0630645433787203,-0.5133702299707138
12,-0.8324139808542121,-1.0650936633597985,-0.5146629849632393
13,-0.841755389331704,-1.0665662050374687,-0.5155277676038191
14,-0.8446457069488051,-1.073269235470221,-0.516390406586052
15,-0.8548620985573123,-1.0867761368242481,-0.5214349335712595
16,-0.856711713826623,-1.0869268271907249,-0.5221192840873315
17,-0.8644014972714327,-1.087684540792984,-0.5282832804071842
18,-0.8706685237071843,-1.0877280363776343,-0.5318521948968999
19,-0.8761252595030806,-1.0877512949264965,-0.5340953366257534
20,-0.8829372396974534,-1.0892823497867534,-0.5532148373953373
21,-0.8858158090737497,-1.089283223330063,-0.5563246856912084
22,-0.8909208636525641,-1.0904208698458968,-0.5744051880898495
23,-0.8984485886127643,-1.0908544920999335,-0.58955627769951
24,-0.8999801324153129,-1.0908821746141582,-0.5905211400278176
25,-0.9105778361773295,-1.0936869724553158,-0.6144500888077957
26,-0.9161003252515373,-1.0942324914147719,-0.6147080813042203
27,-0.9193370110046238,-1.0942427346345558,-0.6154463070263163
28,-0.9302223829571643,-1.0947165481743864,-0.6282862843483662
29,-0.9379220469203821,-1.1012658273061426,-0.6289647331453735
30,-0.9414482646874246,-1.103957572083753,-0.6298363714079409
31,-0.9446716876320389,-1.1051146402866239,-0.6398311858430638
32,-0.9475968182951506,-1.1054566032178654,-0.6406358464589361
33,-0.9534294077764356,-1.1061804536801048,-0.6477281212351012
34,-0.9592032348850271,-1.106189470499345,-0.6545831920629028
35,-0.9674062017387957,-1.107016201776505,-0.6808696785671803
36,-0.9735291549429759,-1.109458677968422,-0.689168938375956
37,-0.9787420965515189,-1.1130763822184144,-0.6917126032302977
38,-0.9815453333346337,-1.1144736042012104,-0.6926745705263738
39,-0.9826725832559443,-1.1154620281525855,-0.6928265481753214
40,-0.9912523035613038,-1.1170082430540533,-0.7194306113032494
41,-0.9946479482893672,-1.1173064404966768,-0.7330164080138704
42,-0.9975335689672644,-1.11757562858021,-0.734006009792958
43,-0.9997752724239957,-1.1185707060502208,-0.7347942646968935
44,-1.0072205699380983,-1.1191344130422858,-0.7605603844154734
45,-1.0097789540559432,-1.1208425942287468,-0.7619184005855852
46,-1.0134364177481312,-1.12205814148512,-0.7677601561314955
47,-1.0148531597622492,-1.1226483305449941,-0.7679012100237619
48,-1.0173703566679397,-1.1231424698152654,-0.76948787335563
49,-1.0242559602216894,-1.1232815084241639,-0.7945074231792632
50,-1.0260197599095666,-1.1236106261031409,-0.7969839669963321
51,-1.0292736529182185,-1.1242251286763651,-0.8083835114716091
52,-1.0303337187164767,-1.1251710564559798,-0.80874392800426
53,-1.036389536344248,-1.1253003394284096,-0.8335445358801511
54,-1.03751081921808,-1.1258176963931519,-0.8336163006065874
55,-1.0413091867778002,-1.1262259073474103,-0.8444870328226776
56,-1.0420791147352217,-1.1266044146816558,-0.8461496501824071
57,-1.0478085083921473,-1.126954007085812,-0.8702686031632979
58,-1.0501997832818237,-1.1272809343238632,-0.8802235037739512
59,-1.0515403368088474,-1.1280055568371985,-0.8805633086826351
60,-1.052872349666156,-1.1285700324665477,-0.8818824282458708
61,-1.0538089709592255,-1.1288556724885503,-0.8834903587403418
62,-1.0546104938005447,-1.1291383515431759,-0.883778220502138
63,-1.056081330200041,-1.129354390795807,-0.8854199008220744
64,-1.0583549732268795,-1.129563777037949,-0.8939093494645545
65,-1.0602706925974426,-1.1296564658149733,-0.900021656703344
66,-1.0615510776690016,-1.1297245222394057,-0.9017416684105389
67,-1.0621536315919318,-1.130045162777363,-0.9019463292457619
68,-1.0628825556272719,-1.1303002533654485,-0.9031678541133253
69,-1.064889586552626,-1.1303574783651276,-0.9108482512423437
70,-1.0654198173924385,-1.1303999069895057,-0.9112941247542266
71,-1.0672026914079011,-1.1306067743748232,-0.9192617545425994
72,-1.0719416516910862,-1.130840369120049,-0.9389392097486022
73,-1.0726158860239194,-1.1312209221759177,-0.9393481374643387
74,-1.0732213422297217,-1.1314034735538938,-0.9397055698675522
75,-1.0749803801512436,-1.131567803744954,-0.9456632728894109
76,-1.0765148784587015,-1.131715924598562,-0.9504837842100513
77,-1.0800313720405805,-1.1320215058567091,-0.9669048934108357
78,-1.0811002948937474,-1.132215795267459,-0.9701444505397799
79,-1.084349234924223,-1.1323360049530085,-0.9846253345114198
80,-1.0847230339333602,-1.132401618771942,-0.984793186347614
81,-1.0865732453542034,-1.1326307857352957,-0.9914454550594477
82,-1.0893309685263624,-1.1326914915999085,-1.004289639176205
83,-1.0919130360908929,-1.1328456135398612,-1.0159700160114031
84,-1.0932203039607309,-1.1330558375962343,-1.02143859020683
85,-1.0949039551525421,-1.1332452496135499,-1.0263526037755113
86,-1.095133457750057,-1.1332973562173372,-1.0263534551742164
87,-1.0956611962348342,-1.1333542236931131,-1.0273792016862806
88,-1.0964880228822662,-1.1335161569173253,-1.0286448240182058
89,-1.096760877940948,-1.1336622931964295,-1.02864555625126
90,-1.0970517113611344,-1.1337988732263455,-1.0286462124698372
91,-1.0978172970494495,-1.133954080779434,-1.0296498175178443
92,-1.0989878608892012,-1.134019590875043,-1.0339291380437492
93,-1.1000219253382093,-1.1341801796177464,-1.0380432202510346
94,-1.1012690421126952,-1.1342208212521876,-1.0412571824258836
95,-1.1019246441219892,-1.1342620275062214,-1.043773528421686
96,-1.102664212181684,-1.1342983352484177,-1.0457481147420669
97,-1.1042951328733404,-1.1344221519727384,-1.0531584262398745
98,-1.1048618283807414,-1.1344490157265785,-1.0544095464037946
99,-1.1052694164727837,-1.1345042546647464,-1.0556488043457901
100,-1.1055314724554297,-1.1345352883581499,-1.0557011600524544
101,-1.1061182292840743,-1.1346720300350905,-1.0569085036719947
102,-1.107149040452725,-1.1347129595477699,-1.0609897586959232
103,-1.1087410468125936,-1.1348087597576102,-1.067154898941138
104,-1.108914640439659,-1.1348484272610744,-1.0674829457154176
105,-1.1094611185559755,-1.1348736371852677,-1.0689934706997173
106,-1.1097376725415957,-1.1348935898962567,-1.0694085576099777
107,-1.1101839917175476,-1.1350109538918212,-1.0707235428226987
108,-1.111285864048894,-1.1351073726923417,-1.0757421926005866
109,-1.1115686915457297,-1.1351911213708066,-1.0762053154999622
110,-1.11253372904451,-1.1352216160072521,-1.0806619405414049
111,-1.1127796123954472,-1.1352497702378388,-1.0812622593507348
112,-1.1130584042356806,-1.1352762190504184,-1.0817473169160399
113,-1.1133677266092152,-1.1352915636916365,-1.082713348663535
114,-1.1136748422317733,-1.1353168878315312,-1.083685329214872
115,-1.1138469752647007,-1.135347046541343,-1.0841425773761646
116,-1.1141298421617598,-1.1354256487595806,-1.0850458593432475
117,-1.1142537309227734,-1.1354495452580509,-1.0853785966002643
118,-1.1146297724200616,-1.1355176399135816,-1.0860673586442346
119,-1.1147455825702988,-1.1355923432591157,-1.086252085958063
120,-1.114965795952559,-1.1356137573973977,-1.0868263389642305
121,-1.1152481530605074,-1.1356742466228875,-1.0874645727912673
122,-1.1156081932004125,-1.1357392912748876,-1.088014595671891
123,-1.115885097356408,-1.135759335035588,-1.0886140072065267
124,-1.1167295727974111,-1.1357812221300132,-1.092127601869625
125,-1.1168269727049074,-1.1358013125167685,-1.0923557809796973
126,-1.1175762802521771,-1.1358169675282892,-1.0954769644339748
127,-1.117779751212181,-1.1358300280007063,-1.0956956214441609
128,-1.117933618515438,-1.1358409374710772,-1.0960156569156347
129,-1.1185031960653995,-1.1358606432173752,-1.0987258044779222
130,-1.1186304111519463,-1.1359166023591887,-1.0987536482164206
131,-1.1188344597786337,-1.1359583506346174,-1.0995912972919606
132,-1.1191014494699574,-1.135975350974794,-1.1003031055286723
133,-1.1192245031113046,-1.1360142429938882,-1.100606304668863
134,-1.119677632460175,-1.1360269805974612,-1.1027423224219517
135,-1.119896935570305,-1.1360629855016495,-1.1034661576319125
136,-1.1204675691857153,-1.1361116235703084,-1.1048429331697753
137,-1.1206122712262283,-1.1361531626193109,-1.1051266569965457
138,-1.1211047195754664,-1.13616457058366,-1.1051790240499177
139,-1.121314152529747,-1.1362086520273678,-1.105221021799818
140,-1.121526327281813,-1.1362197160173562,-1.105370036490473
141,-1.1216545384700356,-1.1362324334059417,-1.1053713165954284
142,-1.1218028574160581,-1.1362665054263645,-1.105469561321908
143,-1.1221102092106139,-1.1362771080215723,-1.1054982876314927
144,-1.122526495079978,-1.1363155899087032,-1.1055070817346357
145,-1.1229309052928982,-1.1363451087118175,-1.1056016410674774
146,-1.1230546332179503,-1.1363563639886238,-1.10568450026277
147,-1.1231577972228965,-1.136366476831971,-1.1057576252851664
148,-1.123325171326688,-1.1363937526230836,-1.1057591083790077
149,-1.123361445661613,-1.1364185440591386,-1.10584706894324
150,-1.123384303513904,-1.1364412155889365,-1.1058728047135709
151,-1.1234397234044669,-1.136447838311985,-1.1058745487273212
152,-1.1235669783967104,-1.1364627847390862,-1.1058760361369209
153,-1.1237621233039858,-1.1364903813638088,-1.1060387093290245
154,-1.123871591402581,-1.136503162152247,-1.1060692088021071
155,-1.1239272977990946,-1.136510287569565,-1.10609629022372
156,-1.124003222494225,-1.136522519870571,-1.1061239009845703
157,-1.1241621807598559,-1.1365504315256116,-1.1063688325588426
158,-1.1242466118402246,-1.136558892872171,-1.1066052785587899
159,-1.1243821476803135,-1.1365830214700186,-1.1068336185549816
160,-1.1244941138938884,-1.1365910513578343,-1.1068608144415233
161,-1.1245801746669621,-1.1365987117060286,-1.1070804338345852
162,-1.1247272326715332,-1.136607318677644,-1.1072927065214992
163,-1.1249208638828851,-1.1366134013412355,-1.1072946481094506
164,-1.125089634694722,-1.1366214900074005,-1.1074367576165365
165,-1.125162328450442,-1.1366293710442656,-1.1074977975964748
166,-1.1252774669686036,-1.1366457372340646,-1.1076971439428944
167,-1.1253592780911184,-1.1366665914430771,-1.1076974834123519
168,-1.1256440810258421,-1.136686299531011,-1.1078895203820947
169,-1.1258928007034856,-1.1367042591559668,-1.1079167769920106
170,-1.1259510470981333,-1.1367202670874548,-1.1079541587755215
171,-1.1260731699676625,-1.136736512004044,-1.108085817350484
172,-1.126175376783251,-1.136751645321321,-1.1081447653144583
173,-1.1262784829312926,-1.1367674494388291,-1.1083266718302787
174,-1.1264287386748486,-1.1367743555782837,-1.1084552982090015
175,-1.1264818772653902,-1.136789132467489,-1.1084822784092179
176,-1.1265206885168546,-1.1367940592387102,-1.10850455668801
177,-1.1267068428536642,-1.1368077231491065,-1.1085053205366828
178,-1.1268756692188417,-1.1368116861401287,-1.1085531898818874
179,-1.1269532940543003,-1.1368250528253123,-1.1085554970796057
180,-1.127022513451831,-1.136841690707953,-1.1085568268732402
181,-1.12707630839945,-1.1368561060757838,-1.1085589505255342
182,-1.1272348051854666,-1.1368599690975094,-1.1087326597343938
183,-1.1273130415400199,-1.1368703504028719,-1.1087602449742713
184,-1.127375355832711,-1.1368832794907506,-1.1087781929423228
185,-1.1274236065697525,-1.1368875673673713,-1.108946784070649
186,-1.1274310766220528,-1.1368916058933727,-1.1089478482886157
187,-1.1274961081721875,-1.1369025436422187,-1.108988925727064
188,-1.1275523872748265,-1.136905487987488,-1.1090158122533549
189,-1.1275974422252593,-1.1369151493518226,-1.109030236388302
190,-1.1276786056666288,-1.136925291792782,-1.1091925066656503
191,-1.1278683160571903,-1.1369342066027133,-1.1091940560047109
192,-1.1278857108386693,-1.1369420931663543,-1.109207403392627
193,-1.1279006716503306,-1.1369555513663179,-1.109208772856764
194,-1.127955682783376,-1.1369655059078272,-1.1092429447131473
195,-1.127995033149963,-1.1369704081831244,-1.1092438082463747
196,-1.1281210759730311,-1.1369811275943136,-1.1093398650600717
197,-1.1281498117610274,-1.1369853874024434,-1.109366577468549
198,-1.1281848424238963,-1.1369922651879305,-1.109369197476388
199,-1.128206556406466,-1.1369956176291487,-1.1094314415351245
200,-1.1283302444336607,-1.137003774090163,-1.1094416534658873
201,-1.1283874793795337,-1.1370110952213632,-1.1095928645471562
202,-1.128478263489219,-1.1370151365062282,-1.1096488565095286
203,-1.1285334198416688,-1.1370180437425013,-1.1097465426799955
204,-1.128600687054321,-1.1370251318910303,-1.1097744887289458
205,-1.1286441293993923,-1.1370274344182685,-1.1098008823713057
206,-1.1287560935482883,-1.1370357345512558,-1.109801219207163
207,-1.128802683299394,-1.1370416482059331,-1.1098042866458058
208,-1.1288408595645198,-1.1370482120779553,-1.109945892962542
209,-1.1288770571916502,-1.1370515799312577,-1.1099980144927348
210,-1.1289483910026465,-1.1370535566030289,-1.110133499266923
211,-1.1290407873695336,-1.137059790436166,-1.1101443694441084
212,-1.1291187627355472,-1.1370647288097728,-1.110146563548582
213,-1.1291443849034013,-1.1370706786463858,-1.110193469820026
214,-1.129190666458437,-1.1370751520154632,-1.1102186394266071
215,-1.1292092197560581,-1.1370808297043822,-1.110218654832868
216,-1.129252154055621,-1.1370863299418492,-1.1102422462147947
217,-1.1292895137112715,-1.1370881894619989,-1.1102445065858921
218,-1.1293827056423102,-1.1370908205833943,-1.1103379665698125
219,-1.1294096610701307,-1.1370926293193637,-1.110426220962282
220,-1.1294488174446082,-1.1370975336635583,-1.1104281860373522
221,-1.129478689497692,-1.1371022899706926,-1.1104299744764163
222,-1.1295078780344956,-1.1371044678834539,-1.1104316024985854
223,-1.1295442727887504,-1.1371086492914098,-1.1104394312280514
224,-1.1295667167288672,-1.137112586724685,-1.110446061999829
225,-1.1296244659039272,-1.137116295174955,-1.1105709891898594
226,-1.1296830213450386,-1.137120274854332,-1.110577114253447
227,-1.1297157184891178,-1.1371235693523412,-1.1106291870783631
228,-1.129759528577859,-1.1371264682081705,-1.1107491850650162
229,-1.1298461136565658,-1.137128518234524,-1.1108294599098194
230,-1.1298921620132802,-1.137133922694316,-1.1108790881470327
231,-1.1299572268109421,-1.1371356956220513,-1.1108804700806914
232,-1.130011098049017,-1.1371384873193457,-1.1108879855550613
233,-1.130039478708806,-1.1371406858732205,-1.1108882181129107
234,-1.130048020868903,-1.1371423086930734,-1.1108945937273804
235,-1.1301299147667367,-1.1371449986160307,-1.1109707470989187
236,-1.1301492744862396,-1.137147010354943,-1.1110428264433407
237,-1.130196227006654,-1.1371516572375702,-1.111069906017473
238,-1.1302392035482545,-1.1371541136945138,-1.1110855341643955
239,-1.130266979208639,-1.1371582884734324,-1.1111980311199465
240,-1.1302786158643188,-1.1371602794602802,-1.111224892372415
241,-1.1303025130810742,-1.1371617668722884,-1.1112393346465994
242,-1.130352287205492,-1.137164008019736,-1.1113068091683727
243,-1.1303801731904544,-1.1371654597420795,-1.1113089341559863
244,-1.1303937303503546,-1.1371693100038989,-1.1113096940177558
245,-1.130419101352913,-1.1371729101439898,-1.111311677224103
246,-1.130441401673473,-1.137174674515937,-1.1113388507392146
247,-1.1304609446028748,-1.1371774917824966,-1.1113405467055661
248,-1.1304779098066926,-1.1371798079598596,-1.1113680331604194
249,-1.1305260758461255,-1.1371821246417952,-1.1114248601809258
250,-1.1305618231758614,-1.1371846780783375,-1.1115302233755664
251,-1.1305982707157078,-1.1371862717894203,-1.1115327918848956
252,-1.1306217303530754,-1.1371875700523677,-1.1115983091750319
253,-1.130663194178275,-1.1371893715219852,-1.1115987914195906
254,-1.1306760420916186,-1.137190766054532,-1.1116008243258337
255,-1.1306839509764133,-1.137191955604252,-1.1116013158804148
256,-1.130699408289722,-1.1371932411475796,-1.1116290840304697
257,-1.130722271674733,-1.1371950542231943,-1.1116825237094328
258,-1.1307612638840687,-1.1371974671983907,-1.1117105330088215
259,-1.130796448699098,-1.137199582680353,-1.1117593506460057
260,-1.1308124458736206,-1.1372009882387737,-1.1117697954178818
261,-1.1308445045440751,-1.1372019909237177,-1.1118144538528285
262,-1.1308750546947732,-1.1372048446363952,-1.1119104152674844
263,-1.1308916076806068,-1.1372056954452057,-1.11193804912895
264,-1.130907554553544,-1.1372065106095048,-1.1119424746817923
265,-1.1309307767898815,-1.1372075320585358,-1.111983025987206
266,-1.1309429930089046,-1.1372085058588741,-1.1119845060888733
267,-1.1309551766561607,-1.1372103364699253,-1.1120122603145823
268,-1.1309961201191352,-1.1372127793095328,-1.1120403659594271
269,-1.1310341752418362,-1.1372138366414617,-1.1121316613283327
270,-1.1310574065786405,-1.1372154890355133,-1.1121328064443603
271,-1.1310712951932307,-1.1372164563233331,-1.1121682368769674
272,-1.1310826660805948,-1.137217941831729,-1.1121963495992384
273,-1.131107468056193,-1.137219263186969,-1.112205115481436
274,-1.1311108669299805,-1.1372201673045192,-1.1122062377530706
275,-1.1311200321618973,-1.1372225861100311,-1.1122066517711877
276,-1.1311344110303951,-1.1372233206714104,-1.1122390294889655
277,-1.1311767397972416,-1.1372244922209922,-1.1123245608798507
278,-1.1311978564359044,-1.1372253942327992,-1.1123331354021877
279,-1.1312059520504762,-1.1372265255136191,-1.1123413069410386
280,-1.1312243483788669,-1.1372278921861507,-1.1123423853611158
281,-1.1312341926065614,-1.1372285507257467,-1.1123433800149782
282,-1.1312481623199198,-1.1372293833097205,-1.1123705071533048
283,-1.1312838070636104,-1.1372307653340243,-1.1124529851470384
284,-1.1313011613261463,-1.137231359226226,-1.1124608596930505
285,-1.1313205482807167,-1.137231929596642,-1.1124683684987196
286,-1.1313324844548063,-1.1372337604953695,-1.1124693546226525
287,-1.1313432191822348,-1.1372342580230834,-1.112496884208454
288,-1.1313525182508481,-1.1372347361265676,-1.1125235812858143
289,-1.131369013258605,-1.1372360600877882,-1.1125306252403886
290,-1.131385883320723,-1.1372370533050624,-1.1125573874700039
291,-1.131395626399509,-1.1372384275238858,-1.1125588792657188
292,-1.1314080733364276,-1.1372390823885847,-1.112585997694581
293,-1.1314132044534557,-1.1372397535574303,-1.1125874135797769
294,-1.1314299001973966,-1.137240394757318,-1.11261488791151
295,-1.1314579197915624,-1.137241349213339,-1.1126945387114733
296,-1.1314786407392512,-1.1372424304964937,-1.1127227177391463
297,-1.131504215723116,-1.1372439923835027,-1.1127992219396563
298,-1.1315244865894063,-1.1372444555941916,-1.11282442221534
299,-1.1315423073712185,-1.1372454401153114,-1.1128476982179072
300,-1.1315484545285197,-1.1372463365110286,-1.1128496332160371
