bond_length,hf,vqe,fci
0.3,-0.5938277585357254,-0.6018037107656846,-0.6018037107656844
0.35,-0.780454902071517,-0.7892693924044044,-0.7892693924044043
0.4,-0.9043613941635273,-0.9141497046270723,-0.9141497046270719
0.45,-0.9875131377072428,-0.9984155960160255,-0.9984155960160248
0.5,-1.0429962745401073,-1.0551597944706368,-1.0551597944706366
0.55,-1.07905073617746,-1.0926299067451084,-1.0926299067451088
0.6,-1.101128242267704,-1.1162860068659977,-1.1162860068695417
0.65,-1.1129965456691595,-1.129904784322902,-1.1299047843229035
0.7,-1.117349034990271,-1.1361894540522088,-1.1361894540659137
0.75,-1.1161514489386217,-1.1371170673457536,-1.1371170673457536
0.8,-1.1108503974766006,-1.1341476666771,-1.1341476666770998
0.85,-1.102510553924589,-1.128361878458108,-1.128361878458108
0.9,-1.091914041020051,-1.1205602812999786,-1.1205602812999793
0.95,-1.0796369282103915,-1.1113394177361176,-1.1113394177361682
1.0,-1.0661086493179548,-1.101150330232633,-1.1011503302326402
1.05,-1.0516567556468472,-1.0903421765107641,-1.09034217651277
1.1,-1.03653887502918,-1.079192944969064,-1.0791929449690747
1.15,-1.0209641435798955,-1.0679296589049412,-1.067929658912863
1.2,-1.0051067065684873,-1.056740744833346,-1.0567407463052518
1.25,-0.9891138140908827,-1.0457831438187686,-1.0457831445497987
1.3,-0.9731106157775736,-1.035186262564113,-1.0351862664342535
1.35,-0.9572031750747291,-1.0250543605950095,-1.025054362468786
1.4,-0.9414806547077927,-1.0154666785936346,-1.0154682492882392
1.45,-0.9260171757381622,-1.0064868867783319,-1.0064869318291345
1.5,-0.9108735545943869,-0.9981462210126052,-0.9981493534714062
1.55,-0.8960989583249457,-0.9904748499610829,-0.990476340936633
1.6,-0.8817324499460661,-0.9834706748362689,-0.983472729033182
1.65,-0.8678043840012131,-0.9771243570442447,-0.9771296161660856
1.7,-0.8543376269512936,-0.9714235432933278,-0.9714266884583412
1.75,-0.8413485984542779,-0.966333194105435,-0.9663345447803062
1.8,-0.8288481479269768,-0.9617690347866209,-0.9618169527925814
1.85,-0.8168422922508726,-0.957812915126302,-0.9578329678685772
1.9,-0.8053328448932675,-0.9542766249161845,-0.9543388539987183
1.95,-0.7943179655149395,-0.9509053834912782,-0.9512897588020999
2.0,-0.7837926542773594,-0.9486123514683598,-0.9486411121761935
2.05,-0.7737492084058376,-0.9463020202370612,-0.9463497373256063
2.1,-0.7641776516167862,-0.9443123684142838,-0.944374681119731
2.15,-0.7550661408488403,-0.9426764905744868,-0.9426777856962707
2.2,-0.7464013499911651,-0.9405448232440712,-0.9412240336932662
2.25,-0.7381688272449051,-0.9372953192834742,-0.9399817052005991
2.3,-0.7303533213548944,-0.9385916389939517,-0.9389223859872824
2.35,-0.7229390719683986,-0.937642594129016,-0.9380208647377848
2.4,-0.7159100604538031,-0.9371510063406246,-0.9372549530096271
2.45,-0.7092502192393463,-0.9352605221707008,-0.9366052564161942
2.5,-0.7029435997235287,-0.9348305188702885,-0.9360549199556067
2.55,-0.6969745007404513,-0.9343635914657704,-0.9355893650259989
2.6,-0.6913275611973797,-0.9351858024981019,-0.9351960308474747
2.65,-0.6859878216937016,-0.9343081011405974,-0.9348641289302556
2.7,-0.6809407606225877,-0.9345314819554174,-0.93458441593677
2.75,-0.6761723104626443,-0.9337245836145831,-0.9343489877473068
2.8,-0.6716688597517275,-0.9338998060833907,-0.9341510956709352
2.85,-0.6674172456946899,-0.9338637661135404,-0.9339849844401324
2.9,-0.6634047415990383,-0.9336930096748282,-0.9338457507791518
2.95,-0.6596190424624393,-0.9336394981276842,-0.9337292208393854
3.0,-0.6560482511455926,-0.9335617153746174,-0.9336318445585017
