bond_length,vqe_error_mha,hf_error_mha
0.3,0.0,7.975952
0.35,0.0,8.81449
0.4,0.0,9.78831
0.45,0.0,10.902458
0.5,0.0,12.16352
0.55,0.0,13.579171
0.6,0.0,15.157765
0.65,0.0,16.908239
0.7,0.0,18.840419
0.75,0.0,20.965618
0.8,0.0,23.297269
0.85,0.0,25.851325
0.9,0.0,28.64624
0.95,0.0,31.70249
1.0,0.0,35.041681
1.05,0.0,38.685421
1.1,0.0,42.65407
1.15,0.0,46.965515
1.2,1e-06,51.63404
1.25,1e-06,56.66933
1.3,4e-06,62.075651
1.35,2e-06,67.851187
1.4,0.001571,73.987595
1.45,4.5e-05,80.469756
1.5,0.003132,87.275799
1.55,0.001491,94.377383
1.6,0.002054,101.740279
1.65,0.005259,109.325232
1.7,0.003145,117.089062
1.75,0.001351,124.985946
1.8,0.047918,132.968805
1.85,0.020053,140.990676
1.9,0.062229,149.006009
1.95,0.384375,156.971793
2.0,0.028761,164.848458
2.05,0.047717,172.600529
2.1,0.062313,180.19703
2.15,0.001295,187.611645
2.2,0.67921,194.822684
2.25,2.686386,201.812878
2.3,0.330747,208.569065
2.35,0.378271,215.081793
2.4,0.103947,221.344893
2.45,1.344734,227.355037
2.5,1.224401,233.11132
2.55,1.225774,238.614864
2.6,0.010228,243.86847
2.65,0.556028,248.876307
2.7,0.052934,253.643655
2.75,0.624404,258.176677
2.8,0.25129,262.482236
2.85,0.121218,266.567739
2.9,0.152741,270.441009
2.95,0.089723,274.110178
3.0,0.070129,277.583593
