evaluations,mean,best,worst
1,458.2,505.0,425.0
201,579.4,603.0,551.0
401,590.7,612.0,570.0
601,602.5,633.0,587.0
801,605.6,633.0,589.0
1001,613.7,643.0,596.0
1201,618.0,643.0,596.0
1401,621.5,643.0,596.0
1601,622.8,643.0,596.0
1801,625.3,643.0,600.0
2001,628.2,643.0,612.0
2201,628.2,643.0,612.0
2401,630.8,643.0,614.0
2601,633.3,649.0,614.0
2801,633.4,649.0,614.0
3001,633.4,649.0,614.0
3201,634.7,652.0,614.0
3401,639.2,652.0,615.0
3601,639.7,652.0,615.0
3801,639.9,652.0,615.0
4001,642.1,655.0,615.0
4201,643.7,659.0,615.0
4401,646.7,659.0,630.0
4601,646.8,659.0,630.0
4801,646.8,659.0,630.0
5001,647.3,659.0,630.0
5201,647.3,659.0,630.0
5401,647.3,659.0,630.0
5601,647.3,659.0,630.0
5801,648.0,659.0,637.0
6001,648.2,659.0,637.0
6201,648.8,659.0,637.0
6401,648.8,659.0,637.0
6601,651.4,661.0,637.0
6801,652.1,661.0,637.0
7001,652.1,661.0,637.0
7201,652.1,661.0,637.0
7401,652.1,661.0,637.0
7601,652.1,661.0,637.0
7801,652.1,661.0,637.0
8001,652.7,667.0,637.0
8201,654.0,667.0,637.0
8401,654.6,667.0,643.0
8601,654.7,667.0,643.0
8801,654.7,667.0,643.0
9001,654.7,667.0,643.0
9201,654.7,667.0,643.0
9401,655.6,667.0,643.0
9601,655.6,667.0,643.0
9801,655.6,667.0,643.0
10001,655.6,667.0,643.0
10201,655.6,667.0,643.0
10401,655.6,667.0,643.0
10601,656.0,667.0,643.0
10801,656.0,667.0,643.0
11001,656.0,667.0,643.0
11201,656.0,667.0,643.0
11401,657.6,667.0,650.0
11601,657.6,667.0,650.0
11801,657.6,667.0,650.0
12001,657.7,667.0,650.0
12201,658.2,667.0,650.0
12401,658.2,667.0,650.0
12601,658.6,667.0,650.0
12801,659.4,667.0,650.0
13001,659.4,667.0,650.0
13201,659.4,667.0,650.0
13401,659.4,667.0,650.0
13601,659.4,667.0,650.0
13801,659.9,667.0,650.0
14001,659.9,667.0,650.0
14201,659.9,667.0,650.0
14401,659.9,667.0,650.0
14601,659.9,667.0,650.0
14801,660.1,667.0,650.0
15001,660.1,667.0,650.0
15201,660.1,667.0,650.0
15401,660.7,667.0,654.0
15601,660.7,667.0,654.0
15801,660.7,667.0,654.0
16001,660.7,667.0,654.0
16201,660.7,667.0,654.0
16401,661.7,667.0,654.0
16601,661.7,667.0,654.0
16801,661.7,667.0,654.0
17001,661.7,667.0,654.0
17201,661.7,667.0,654.0
17401,661.7,667.0,654.0
17601,661.7,667.0,654.0
17801,661.7,667.0,654.0
18001,662.2,667.0,656.0
18201,662.2,667.0,656.0
18401,662.2,667.0,656.0
18601,662.2,667.0,656.0
18801,662.2,667.0,656.0
19001,662.2,667.0,656.0
19201,662.2,667.0,656.0
19401,662.2,667.0,656.0
19601,662.2,667.0,656.0
19801,662.2,667.0,656.0
20000,662.2,667.0,656.0
